{"cameraMode":{"drawMode":0,"name":"Shaded","section":"Shading Mode"},"sceneLighting":true,"audioPlay":false,"sceneViewState":{"showFog":true,"showMaterialUpdate":false,"showSkybox":true,"showFlares":true,"showImageEffects":true,"showParticleSystems":true},"in2DMode":false,"pivot":{"x":-8.441973686218262,"y":-1.340074062347412,"z":7.870140552520752},"rotation":{"x":-0.2202063947916031,"y":0.7600802779197693,"z":-0.3220828175544739,"w":-0.5196632742881775},"size":6.222491264343262,"orthographic":false}